{
  "kind": "collectionType",
  "collectionName": "ticket_bookings",
  "info": {
    "singularName": "ticket-booking",
    "pluralName": "ticket-bookings",
    "displayName": "ticket_booking",
    "description": ""
  },
  "options": {
    "draftAndPublish": true
  },
  "pluginOptions": {},
  "attributes": {
    "date": {
      "type": "string"
    },
    "from": {
      "type": "string"
    },
    "to": {
      "type": "string"
    },
    "number_of_tickets": {
      "type": "integer"
    },
    "ticket_type": {
      "type": "string",
      "required": true
    }
  }
}
