{
  "kind": "collectionType",
  "collectionName": "rootshops",
  "info": {
    "singularName": "rootshop",
    "pluralName": "rootshops",
    "displayName": "Rootshop",
    "description": ""
  },
  "options": {
    "draftAndPublish": true
  },
  "pluginOptions": {},
  "attributes": {
    "rootshop_id": {
      "type": "biginteger",
      "required": true,
      "unique": true
    },
    "rootshop_author": {
      "type": "string",
      "required": true
    },
    "rootshop_date": {
      "type": "datetime",
      "required": true
    },
    "rootshop_date_time": {
      "type": "datetime",
      "required": true
    },
    "rootshop_content": {
      "type": "text",
      "required": true
    },
    "rootshop_title": {
      "type": "string",
      "required": true
    },
    "rootshop_excerpt": {
      "type": "string",
      "required": true
    },
    "rootshop_status": {
      "type": "string",
      "required": true,
      "maxLength": 20
    },
    "comment_status": {
      "type": "string",
      "required": true,
      "maxLength": 20
    },
    "ping_status": {
      "type": "string",
      "required": true,
      "maxLength": 20
    },
    "rootshop_name": {
      "type": "text",
      "required": true,
      "maxLength": 200
    },
    "to_ping": {
      "type": "string",
      "required": true
    },
    "pinged": {
      "type": "string",
      "required": true
    },
    "rootshop_modified": {
      "type": "datetime",
      "required": false
    },
    "rootshop_modified_gmt": {
      "type": "datetime"
    },
    "rootshop_content_filtered": {
      "type": "text"
    },
    "rootshop_parent": {
      "type": "biginteger",
      "required": true
    },
    "guid": {
      "type": "string",
      "maxLength": 255,
      "required": true
    },
    "menu_order": {
      "type": "integer",
      "required": true
    },
    "rootshop_type": {
      "type": "string",
      "required": true,
      "maxLength": 20
    },
    "rootshop_mime_type": {
      "type": "string",
      "required": true,
      "maxLength": 100
    },
    "comment_count": {
      "type": "biginteger",
      "required": true
    },
    "rootshop_password": {
      "type": "password",
      "required": true
    }
  }
}
