{
  "kind": "collectionType",
  "collectionName": "pharmacies",
  "info": {
    "singularName": "pharmacy",
    "pluralName": "pharmacies",
    "displayName": "pharmacy_form",
    "description": ""
  },
  "options": {
    "draftAndPublish": true
  },
  "pluginOptions": {},
  "attributes": {
    "drug_name": {
      "type": "string"
    },
    "delivery_options": {
      "type": "string"
    },
    "problem_description": {
      "type": "text"
    },
    "quantity": {
      "type": "string"
    },
    "captain_id": {
      "type": "string",
      "required": true
    }
  }
}
