{
  "kind": "collectionType",
  "collectionName": "captains",
  "info": {
    "singularName": "captain",
    "pluralName": "captains",
    "displayName": "Captain",
    "description": ""
  },
  "options": {
    "draftAndPublish": true
  },
  "pluginOptions": {},
  "attributes": {
    "user_login": {
      "type": "string",
      "required": true
    },
    "user_nicename": {
      "type": "string",
      "required": true
    },
    "user_email": {
      "type": "email"
    },
    "user_url": {
      "type": "string",
      "required": true
    },
    "display_name": {
      "type": "string",
      "required": true
    },
    "rootshop": {
      "type": "string"
    }
  }
}
