{
  "kind": "collectionType",
  "collectionName": "rootshop_metas",
  "info": {
    "singularName": "rootshop-meta",
    "pluralName": "rootshop-metas",
    "displayName": "Rootshop_meta",
    "description": ""
  },
  "options": {
    "draftAndPublish": true
  },
  "pluginOptions": {},
  "attributes": {
    "rootshopHTML": {
      "type": "richtext",
      "required": true
    },
    "rootshop_default_description": {
      "type": "text",
      "required": true
    },
    "roothsop_default_announcement": {
      "type": "text",
      "required": true
    },
    "rootshop_keywords": {
      "type": "text",
      "required": true
    },
    "rootshop_productIDs": {
      "type": "text",
      "required": true
    },
    "rootshop_catIDs": {
      "type": "text",
      "required": true
    },
    "rootshop_tagIDs": {
      "type": "text",
      "required": true
    },
    "yoast_wpseo_title": {
      "type": "string",
      "required": true
    },
    "yoast_wpseo_metadesc": {
      "type": "text",
      "required": true
    },
    "thumbnail_id": {
      "type": "integer",
      "required": true,
      "unique": true
    },
    "rootshop_meta_id": {
      "type": "biginteger",
      "unique": true,
      "required": true,
      "private": true
    }
  }
}
