{
  "kind": "collectionType",
  "collectionName": "captain_metas",
  "info": {
    "singularName": "captain-meta",
    "pluralName": "captain-metas",
    "displayName": "Captain_meta",
    "description": ""
  },
  "options": {
    "draftAndPublish": true
  },
  "pluginOptions": {},
  "attributes": {
    "nickname": {
      "type": "string",
      "required": true
    },
    "first_name": {
      "type": "string",
      "required": true
    },
    "last_name": {
      "type": "string",
      "required": true
    },
    "description": {
      "type": "text"
    },
    "wp_capabilities": {
      "type": "string",
      "default": "a:1:{s:7:\\\"captain\\\";b:1;}",
      "required": true
    },
    "wp_user_level": {
      "type": "integer",
      "default": 0,
      "required": true
    },
    "wpseo_title": {
      "type": "string"
    },
    "wpseo_metadesc": {
      "type": "string"
    },
    "captain_rootshop": {
      "type": "biginteger"
    },
    "captain_language": {
      "type": "string",
      "required": true,
      "default": "en"
    },
    "captain_announcement": {
      "type": "string",
      "required": false
    },
    "captain_area_served": {
      "type": "string",
      "required": false
    },
    "captain_shop_feed_oncreate": {
      "type": "string",
      "required": true,
      "default": "rootshop_html"
    },
    "captain_shop_feed_history": {
      "type": "string"
    },
    "captain_lat_long": {
      "type": "string"
    },
    "captain_display_address": {
      "type": "string"
    },
    "captain_cover_pic": {
      "type": "media",
      "multiple": false,
      "required": false,
      "allowedTypes": [
        "images"
      ]
    },
    "captain_display_pic": {
      "type": "media",
      "multiple": false,
      "required": false,
      "allowedTypes": [
        "images"
      ]
    },
    "simplefavorites": {
      "type": "text"
    },
    "user_login": {
      "type": "biginteger",
      "required": true,
      "unique": true
    }
  }
}
