{
  "kind": "collectionType",
  "collectionName": "kirana_forms",
  "info": {
    "singularName": "kirana-form",
    "pluralName": "kirana-forms",
    "displayName": "kirana_form",
    "description": ""
  },
  "options": {
    "draftAndPublish": true
  },
  "pluginOptions": {},
  "attributes": {
    "order_name": {
      "type": "text"
    },
    "order_type": {
      "type": "string"
    },
    "order_quantity": {
      "type": "string"
    },
    "delivery_date": {
      "type": "string"
    },
    "captain_id": {
      "type": "string",
      "required": true
    }
  }
}
