{
  "kind": "collectionType",
  "collectionName": "vegetable_shops",
  "info": {
    "singularName": "vegetable-shop",
    "pluralName": "vegetable-shops",
    "displayName": "veg_form",
    "description": ""
  },
  "options": {
    "draftAndPublish": true
  },
  "pluginOptions": {},
  "attributes": {
    "order_name": {
      "type": "text"
    },
    "delivery_type": {
      "type": "string"
    },
    "delivery_date": {
      "type": "string"
    },
    "captain_id": {
      "type": "string"
    },
    "order_quantity": {
      "type": "string"
    }
  }
}
