{
  "kind": "collectionType",
  "collectionName": "rootshop_tags",
  "info": {
    "singularName": "rootshop-tag",
    "pluralName": "rootshop-tags",
    "displayName": "Rootshop_tag",
    "description": ""
  },
  "options": {
    "draftAndPublish": true
  },
  "pluginOptions": {},
  "attributes": {
    "Name": {
      "type": "string",
      "required": true
    },
    "rootshop_tag_id": {
      "type": "biginteger",
      "required": true,
      "unique": true,
      "private": true
    }
  }
}
