{
  "kind": "collectionType",
  "collectionName": "bakery_forms",
  "info": {
    "singularName": "bakery-form",
    "pluralName": "bakery-forms",
    "displayName": "bakery-form",
    "description": ""
  },
  "options": {
    "draftAndPublish": true
  },
  "pluginOptions": {},
  "attributes": {
    "order_name": {
      "type": "text"
    },
    "order_type": {
      "type": "string"
    },
    "special_instructions": {
      "type": "text"
    },
    "captain_id": {
      "type": "string",
      "required": true,
      "unique": false
    },
    "order_quantity": {
      "type": "string"
    }
  }
}
